{
  "project_info": {
    "project_number": "922533940837",
    "firebase_url": "https://stop-2e2e1.firebaseio.com",
    "project_id": "stop-2e2e1",
    "storage_bucket": "stop-2e2e1.appspot.com"
  },
  "client": [
    {
      "client_info": {
        "mobilesdk_app_id": "1:922533940837:android:af6f293716bd6e6ee3008c",
        "android_client_info": {
          "package_name": "com.example.tired"
        }
      },
      "oauth_client": [
        {
          "client_id": "922533940837-vn49g75fdkjenac78ove1ecb2fs1orbt.apps.googleusercontent.com",
          "client_type": 1,
          "android_info": {
            "package_name": "com.example.tired",
            "certificate_hash": "006c929bc37d588aa727054c2a67c9a92506d20c"
          }
        },
        {
          "client_id": "922533940837-5qm3sad4h000qt48u3n2vl3iju4minjb.apps.googleusercontent.com",
          "client_type": 3
        }
      ],
      "api_key": [
        {
          "current_key": "AIzaSyC49IkHCo3ZWvDY8odf4PWpFLqgxcBO1hQ"
        }
      ],
      "services": {
        "appinvite_service": {
          "other_platform_oauth_client": [
            {
              "client_id": "922533940837-5qm3sad4h000qt48u3n2vl3iju4minjb.apps.googleusercontent.com",
              "client_type": 3
            }
          ]
        }
      }
    }
  ],
  "configuration_version": "1"
}